                    ,"b_el_out, s_da" ,"b_electric_supply, d_el" ,"b_electric_supply, t_p2h" ,"b_gas, t_boiler"  ,"b_heat_supply, d_heat" ,"b_renewable, b_el_out" ,"b_renewable, b_electric_supply" ,"b_renewable, sto_battery" ,"m_gas, b_gas"     ,"s_electric_grid, b_electric_supply" ,"sto_battery, b_renewable" ,"t_boiler, b_heat_supply" ,"t_p2h, b_heat_supply"
2020-01-01 00:00:00 ,-0.0             ,       12.58299196441902  ,           0.0             , 41.7869835380002  ,     35.518936007300134 ,-0.0                    ,                             0.0 ,                       0.0 , 41.7869835380002  ,                    12.582991964419  ,                       0.0 ,        35.5189360073001  ,-0.0
2020-01-01 01:00:00 ,-0.0             ,       12.246249318367848 ,           0.0             , 38.9139202252658  ,     33.076832191475916 ,-0.0                    ,                             0.0 ,                       0.0 , 38.9139202252658  ,                    12.2462493183678 ,                       0.0 ,        33.0768321914759  ,-0.0
2020-01-01 02:00:00 ,-0.0             ,       12.110232656543513 ,           0.0             , 41.0360927614068  ,     34.880678847195774 ,0.0                     ,                             0.0 ,                       0.0 , 41.0360927614068  ,                    12.1102326565435 ,                       0.0 ,        34.8806788471958  ,-0.0
2020-01-01 03:00:00 ,-0.0             ,       12.59866821915926  ,           0.0             , 43.1320183676504  ,     36.66221561250282  ,0.0                     ,                             0.0 ,                       0.0 , 43.1320183676504  ,                    12.5986682191593 ,                       0.0 ,        36.6622156125028  ,-0.0
2020-01-01 04:00:00 ,-0.0             ,       16.03418614450775  ,           0.0             , 46.4318595581351  ,     39.46708062441487  ,0.0                     ,                             0.0 ,                       0.0 , 46.4318595581351  ,                    16.0341861445077 ,                       0.0 ,        39.4670806244149  ,-0.0
2020-01-01 05:00:00 ,-0.0             ,       21.334742899157604 ,           0.0             , 76.4356150639949  ,     64.97027280439568  ,0.0                     ,                             0.0 ,                       0.0 , 76.4356150639949  ,                    21.3347428991576 ,                       0.0 ,        64.9702728043957  ,-0.0
2020-01-01 06:00:00 ,-0.0             ,       75.55748402548318  ,           0.0             ,147.297377238289   ,    125.20277065254527  ,0.0                     ,                             0.0 ,                       0.0 ,147.297377238289   ,                    75.5574840254832 ,                       0.0 ,       125.202770652545   ,-0.0
2020-01-01 07:00:00 ,-0.0             ,       78.26842105758053  ,           0.0             ,212.368471592661   ,    180.5132008537617   ,0.0                     ,                             0.0 ,                       0.0 ,212.368471592661   ,                    78.2684210575805 ,                       0.0 ,       180.513200853762   ,-0.0
2020-01-01 08:00:00 ,-0.0             ,       88.0768564955831   ,           0.0             ,218.241027655665   ,    185.504873507315    ,0.0                     ,                             0.0 ,                       0.0 ,218.241027655665   ,                    88.0768564955831 ,                       0.0 ,       185.504873507315   ,-0.0
2020-01-01 09:00:00 ,-0.0             ,       74.5666449814291   ,           0.0             ,212.61078798396    ,    180.71916978636585  ,0.0                     ,                             0.0 ,                       0.0 ,212.61078798396    ,                    74.5666449814291 ,                       0.0 ,       180.719169786366   ,-0.0
2020-01-01 10:00:00 ,-0.0             ,       59.88215392956212  ,           0.0             ,207.772845677465   ,    176.60691882584544  ,0.0                     ,                             0.0 ,                       0.0 ,207.772845677465   ,                    59.8821539295621 ,                       0.0 ,       176.606918825845   ,-0.0
2020-01-01 11:00:00 ,-0.0             ,       93.0945637260239   ,           0.0             ,201.843721967909   ,    171.56716367272298  ,0.0                     ,                             0.0 ,                       0.0 ,201.843721967909   ,                    93.0945637260239 ,                       0.0 ,       171.567163672723   ,-0.0
2020-01-01 12:00:00 ,-0.0             ,       87.96756750108197  ,           0.0             ,194.782798629711   ,    165.56537883525417  ,0.0                     ,                             0.0 ,                       0.0 ,194.782798629711   ,                    87.967567501082  ,                       0.0 ,       165.565378835254   ,-0.0
2020-01-01 13:00:00 ,-0.0             ,       72.78423881405146  ,           0.0             ,186.828507115863   ,    158.80423104848333  ,0.0                     ,                             0.0 ,                       0.0 ,186.828507115863   ,                    72.7842388140515 ,                       0.0 ,       158.804231048483   ,-0.0
2020-01-01 14:00:00 ,-0.0             ,       62.082820639195155 ,           0.0             ,183.378619541509   ,    155.87182661028254  ,0.0                     ,                             0.0 ,                       0.0 ,183.378619541509   ,                    62.0828206391952 ,                       0.0 ,       155.871826610283   ,-0.0
2020-01-01 15:00:00 ,-0.0             ,       51.00703912221252  ,           0.0             ,185.549851675117   ,    157.71737392384972  ,0.0                     ,                             0.0 ,                       0.0 ,185.549851675117   ,                    51.0070391222125 ,                       0.0 ,       157.71737392385    ,-0.0
2020-01-01 16:00:00 ,-0.0             ,       49.09233016300701  ,           0.0             ,187.637055478575   ,    159.49149715678917  ,0.0                     ,                             0.0 ,                       0.0 ,187.637055478575   ,                    49.092330163007  ,                       0.0 ,       159.491497156789   ,-0.0
2020-01-01 17:00:00 ,-0.0             ,       54.25809340698507  ,           0.0             ,187.869585093983   ,    159.68914732988574  ,0.0                     ,                             0.0 ,                       0.0 ,187.869585093983   ,                    54.2580934069851 ,                       0.0 ,       159.689147329886   ,-0.0
2020-01-01 18:00:00 ,-0.0             ,       66.2050278409416   ,           0.0             ,188.654712382216   ,    160.35650552488391  ,-0.0                    ,                             0.0 ,                       0.0 ,188.654712382216   ,                    66.2050278409416 ,                       0.0 ,       160.356505524884   ,-0.0
2020-01-01 19:00:00 ,-0.0             ,       70.38309853334903  ,           0.0             ,190.11415131488    ,    161.59702861764765  ,-0.0                    ,                             0.0 ,                       0.0 ,190.11415131488    ,                    70.383098533349  ,                       0.0 ,       161.597028617648   ,-0.0
2020-01-01 20:00:00 ,-0.0             ,       65.24620133848595  ,           0.0             ,190.927674806007   ,    162.28852358510596  ,-0.0                    ,                             0.0 ,                       0.0 ,190.927674806007   ,                    65.2462013384859 ,                       0.0 ,       162.288523585106   ,-0.0
2020-01-01 21:00:00 ,-0.0             ,       54.43343621826426  ,           0.0             ,166.675954563063   ,    141.67456137860339  ,-0.0                    ,                             0.0 ,                       0.0 ,166.675954563063   ,                    54.4334362182643 ,                       0.0 ,       141.674561378603   ,-0.0
2020-01-01 22:00:00 ,-0.0             ,       32.35606113888045  ,           0.0             , 51.194258187775   ,     43.51511945960876  ,0.0                     ,                             0.0 ,                       0.0 , 51.194258187775   ,                    32.3560611388804 ,                       0.0 ,        43.5151194596088  ,-0.0
2020-01-01 23:00:00 ,-0.0             ,       17.924679177337975 ,           0.0             , 49.6862946560856  ,     42.233350457672785 ,0.0                     ,                             0.0 ,                       0.0 , 49.6862946560856  ,                    17.924679177338  ,                       0.0 ,        42.2333504576728  ,-0.0
2020-01-02 00:00:00 ,-0.0             ,       13.04126242293172  ,           0.0             , 53.4771634371332  ,     45.455588921563226 ,0.0                     ,                             0.0 ,                       0.0 , 53.4771634371332  ,                    13.0412624229317 ,                       0.0 ,        45.4555889215632  ,-0.0
2020-01-02 01:00:00 ,-0.0             ,       12.715330573166527 ,           0.0             , 57.6194362915823  ,     48.976520847844995 ,0.0                     ,                             0.0 ,                       0.0 , 57.6194362915823  ,                    12.7153305731665 ,                       0.0 ,        48.976520847845   ,-0.0
2020-01-02 02:00:00 ,-0.0             ,       12.925021147816137 ,           0.0             , 60.6630746606209  ,     51.56361346152774  ,0.0                     ,                             0.0 ,                       0.0 , 60.6630746606209  ,                    12.9250211478161 ,                       0.0 ,        51.5636134615277  ,-0.0
2020-01-02 03:00:00 ,-0.0             ,       14.172604760400187 ,           0.0             , 62.6675484812512  ,     53.26741620906351  ,0.0                     ,                             0.0 ,                       0.0 , 62.6675484812512  ,                    14.1726047604002 ,                       0.0 ,        53.2674162090635  ,-0.0
2020-01-02 04:00:00 ,-0.0             ,       17.299984038769594 ,           0.0             , 65.295257728717   ,     55.50096906940946  ,0.0                     ,                             0.0 ,                       0.0 , 65.295257728717   ,                    17.2999840387696 ,                       0.0 ,        55.5009690694095  ,-0.0
2020-01-02 05:00:00 ,-0.0             ,       22.921222914311485 ,           0.0             , 93.9605597845734  ,     79.86647581688737  ,0.0                     ,                             0.0 ,                       0.0 , 93.9605597845734  ,                    22.9212229143115 ,                       0.0 ,        79.8664758168874  ,-0.0
2020-01-02 06:00:00 ,-0.0             ,       64.50200956071072  ,           0.0             ,164.660509357022   ,    139.96143295346857  ,0.0                     ,                             0.0 ,                       0.0 ,164.660509357022   ,                    64.5020095607107 ,                       0.0 ,       139.961432953469   ,-0.0
2020-01-02 07:00:00 ,-0.0             ,       78.65267702839904  ,           0.0             ,230.551369473967   ,    195.96866405287162  ,0.0                     ,                             0.0 ,                       0.0 ,230.551369473967   ,                    78.652677028399  ,                       0.0 ,       195.968664052872   ,-0.0
2020-01-02 08:00:00 ,-0.0             ,       48.4461818900411   ,           0.0             ,230.639293056891   ,    196.04339909835718  ,-0.0                    ,                             0.0 ,                       0.0 ,230.639293056891   ,                    48.4461818900411 ,                       0.0 ,       196.043399098357   ,-0.0
2020-01-02 09:00:00 ,-0.0             ,       43.24071671826793  ,           0.0             ,214.287255953418   ,    182.14416756040524  ,-0.0                    ,                             0.0 ,                       0.0 ,214.287255953418   ,                    43.2407167182679 ,                       0.0 ,       182.144167560405   ,-0.0
2020-01-02 10:00:00 ,-0.0             ,       70.14245036174964  ,           0.0             ,222.614943331018   ,    189.22270183136547  ,-0.0                    ,                             0.0 ,                       0.0 ,222.614943331018   ,                    70.1424503617496 ,                       0.0 ,       189.222701831365   ,-0.0
2020-01-02 11:00:00 ,-0.0             ,       83.25434374824798  ,           0.0             ,226.276762310895   ,    192.33524796426062  ,-0.0                    ,                             0.0 ,                       0.0 ,226.276762310895   ,                    83.254343748248  ,                       0.0 ,       192.335247964261   ,-0.0
2020-01-02 12:00:00 ,-0.0             ,       81.470815807112    ,           0.0             ,207.368581459033   ,    176.26329424017828  ,-0.0                    ,                             0.0 ,                       0.0 ,207.368581459033   ,                    81.470815807112  ,                       0.0 ,       176.263294240178   ,-0.0
2020-01-02 13:00:00 ,-0.0             ,       75.79742455033085  ,           0.0             ,194.394754585331   ,    165.23554139753128  ,-0.0                    ,                             0.0 ,                       0.0 ,194.394754585331   ,                    75.7974245503308 ,                       0.0 ,       165.235541397531   ,-0.0
2020-01-02 14:00:00 ,-0.0             ,       72.49178056878448  ,           0.0             ,199.370192668088   ,    169.4646637678746   ,0.0                     ,                             0.0 ,                       0.0 ,199.370192668088   ,                    72.4917805687845 ,                       0.0 ,       169.464663767875   ,-0.0
2020-01-02 15:00:00 ,-0.0             ,       75.93732012825583  ,           0.0             ,205.986212913371   ,    175.0882809763656   ,0.0                     ,                             0.0 ,                       0.0 ,205.986212913371   ,                    75.9373201282558 ,                       0.0 ,       175.088280976366   ,-0.0
2020-01-02 16:00:00 ,-0.0             ,       75.13309089069597  ,           0.0             ,203.910692938583   ,    173.3240889977953   ,0.0                     ,                             0.0 ,                       0.0 ,203.910692938583   ,                    75.133090890696  ,                       0.0 ,       173.324088997795   ,-0.0
2020-01-02 17:00:00 ,-0.0             ,       98.83624109169483  ,           0.0             ,204.798708904169   ,    174.07890256854404  ,0.0                     ,                             0.0 ,                       0.0 ,204.798708904169   ,                    98.8362410916948 ,                       0.0 ,       174.078902568544   ,-0.0
2020-01-02 18:00:00 ,-0.0             ,      123.8753303230923   ,           0.0             ,224.25892755537    ,    190.62008842206413  ,-0.0                    ,                             0.0 ,                       0.0 ,224.25892755537    ,                   123.875330323092  ,                       0.0 ,       190.620088422064   ,-0.0
2020-01-02 19:00:00 ,-0.0             ,      112.34099590993009  ,           0.0             ,223.904153784901   ,    190.3185307171662   ,-0.0                    ,                             0.0 ,                       0.0 ,223.904153784901   ,                   112.34099590993   ,                       0.0 ,       190.318530717166   ,-0.0
2020-01-02 20:00:00 ,-0.0             ,      100.36940557078808  ,           0.0             ,210.733222347489   ,    179.12323899536597  ,-0.0                    ,                             0.0 ,                       0.0 ,210.733222347489   ,                   100.369405570788  ,                       0.0 ,       179.123238995366   ,-0.0
2020-01-02 21:00:00 ,-0.0             ,       89.4195727159172   ,           0.0             ,180.736681399937   ,    153.62617918994647  ,-0.0                    ,                             0.0 ,                       0.0 ,180.736681399937   ,                    89.4195727159172 ,                       0.0 ,       153.626179189946   ,-0.0
2020-01-02 22:00:00 ,-0.0             ,       60.75503013491308  ,           0.0             , 65.7143693283241  ,     55.85721392907545  ,0.0                     ,                             0.0 ,                       0.0 , 65.7143693283241  ,                    60.7550301349131 ,                       0.0 ,        55.8572139290754  ,-0.0
2020-01-02 23:00:00 ,-0.0             ,       16.325460144001116 ,           0.0             , 35.8295336531568  ,     30.455103605183297 ,0.0                     ,                             0.0 ,                       0.0 , 35.8295336531568  ,                    16.3254601440011 ,                       0.0 ,        30.4551036051833  ,-0.0
2020-01-03 00:00:00 ,-0.0             ,       15.01326752252124  ,           0.0             , 34.8372624489539  ,     29.61167308161079  ,0.0                     ,                             0.0 ,                       0.0 , 34.8372624489539  ,                    15.0132675225212 ,                       0.0 ,        29.6116730816108  ,-0.0
2020-01-03 01:00:00 ,-0.0             ,       14.984746289335064 ,           0.0             , 36.9948738489661  ,     31.44564277162121  ,0.0                     ,                             0.0 ,                       0.0 , 36.9948738489661  ,                    14.9847462893351 ,                       0.0 ,        31.4456427716212  ,-0.0
2020-01-03 02:00:00 ,-0.0             ,       13.41244692976287  ,          32.3163255556342 ,  0.0              ,     32.31632555563418  ,0.0                     ,                             0.0 ,                       0.0 ,  0.0              ,                    45.7287724853971 ,                       0.0 ,         0.0              ,32.3163255556342
2020-01-03 03:00:00 ,-0.0             ,       13.809335997266242 ,          35.4441154199518 ,  0.0              ,     35.44411541995183  ,0.0                     ,                             0.0 ,                       0.0 ,  0.0              ,                    49.2534514172181 ,                       0.0 ,         0.0              ,35.4441154199518
2020-01-03 04:00:00 ,-0.0             ,       18.281314506184497 ,          39.6677917583584 ,  0.0              ,     39.667791758358376 ,0.0                     ,                             0.0 ,                       0.0 ,  0.0              ,                    57.9491062645429 ,                       0.0 ,         0.0              ,39.6677917583584
2020-01-03 05:00:00 ,-0.0             ,       25.43941756311349  ,           0.0             , 74.7097394540647  ,     63.503278535954955 ,0.0                     ,                             0.0 ,                       0.0 , 74.7097394540647  ,                    25.4394175631135 ,                       0.0 ,        63.503278535955   ,-0.0
2020-01-03 06:00:00 ,-0.0             ,       58.7539382928496   ,           0.0             ,143.662262157457   ,    122.11292283383838  ,0.0                     ,                             0.0 ,                       0.0 ,143.662262157457   ,                    58.7539382928496 ,                       0.0 ,       122.112922833838   ,-0.0
2020-01-03 07:00:00 ,-0.0             ,       66.46355728791028  ,           0.0             ,208.475683173926   ,    177.20433069783724  ,0.0                     ,                             0.0 ,                       0.0 ,208.475683173926   ,                    66.4635572879103 ,                       0.0 ,       177.204330697837   ,-0.0
2020-01-03 08:00:00 ,-0.0             ,       50.27653156782287  ,           0.0             ,210.499959946396   ,    178.92496595443663  ,0.0                     ,                             0.0 ,                       0.0 ,210.499959946396   ,                    50.2765315678229 ,                       0.0 ,       178.924965954437   ,-0.0
2020-01-03 09:00:00 ,-0.0             ,       47.72118555853672  ,           0.0             ,200.247463071358   ,    170.21034361065452  ,0.0                     ,                             0.0 ,                       0.0 ,200.247463071358   ,                    47.7211855585367 ,                       0.0 ,       170.210343610655   ,-0.0
2020-01-03 10:00:00 ,-0.0             ,       76.46830072097262  ,           0.0             ,197.327880204801   ,    167.72869817408102  ,0.0                     ,                             0.0 ,                       0.0 ,197.327880204801   ,                    76.4683007209726 ,                       0.0 ,       167.728698174081   ,-0.0
2020-01-03 11:00:00 ,-0.0             ,       78.90407162257499  ,           0.0             ,198.119240225635   ,    168.4013541917894   ,0.0                     ,                             0.0 ,                       0.0 ,198.119240225635   ,                    78.904071622575  ,                       0.0 ,       168.401354191789   ,-0.0
2020-01-03 12:00:00 ,-0.0             ,       83.2518741638201   ,           0.0             ,186.29426409454    ,    158.35012448035923  ,0.0                     ,                             0.0 ,                       0.0 ,186.29426409454    ,                    83.2518741638201 ,                       0.0 ,       158.350124480359   ,-0.0
2020-01-03 13:00:00 ,-0.0             ,       81.5287801354016   ,           0.0             ,179.090546584986   ,    152.22696459723832  ,0.0                     ,                             0.0 ,                       0.0 ,179.090546584986   ,                    81.5287801354016 ,                       0.0 ,       152.226964597238   ,-0.0
2020-01-03 14:00:00 ,-0.0             ,       78.7931138969256   ,           0.0             ,178.909094770392   ,    152.07273055483358  ,0.0                     ,                             0.0 ,                       0.0 ,178.909094770392   ,                    78.7931138969256 ,                       0.0 ,       152.072730554834   ,-0.0
2020-01-03 15:00:00 ,-0.0             ,       77.36847138849936  ,           0.0             ,183.775815153467   ,    156.20944288044714  ,0.0                     ,                             0.0 ,                       0.0 ,183.775815153467   ,                    77.3684713884994 ,                       0.0 ,       156.209442880447   ,-0.0
2020-01-03 16:00:00 ,-0.0             ,       85.99560079130988  ,           0.0             ,180.144537444081   ,    153.12285682746858  ,0.0                     ,                             0.0 ,                       0.0 ,180.144537444081   ,                    85.9956007913099 ,                       0.0 ,       153.122856827469   ,-0.0
2020-01-03 17:00:00 ,-0.0             ,       88.26865753441622  ,           0.0             ,174.272818392794   ,    148.13189563387468  ,0.0                     ,                             0.0 ,                       0.0 ,174.272818392794   ,                    88.2686575344162 ,                       0.0 ,       148.131895633875   ,-0.0
2020-01-03 18:00:00 ,-0.0             ,      115.72067984022671  ,           0.0             ,178.611823497827   ,    151.82004997315283  ,-0.0                    ,                             0.0 ,                       0.0 ,178.611823497827   ,                   115.720679840227  ,                       0.0 ,       151.820049973153   ,-0.0
2020-01-03 19:00:00 ,-0.0             ,      111.89068641766222  ,           0.0             ,173.740957462543   ,    147.67981384316138  ,-0.0                    ,                             0.0 ,                       0.0 ,173.740957462543   ,                   111.890686417662  ,                       0.0 ,       147.679813843161   ,-0.0
2020-01-03 20:00:00 ,-0.0             ,      109.10842934302013  ,           0.0             ,169.599616013164   ,    144.15967361118953  ,0.0                     ,                             0.0 ,                       0.0 ,169.599616013164   ,                   109.10842934302   ,                       0.0 ,       144.15967361119    ,-0.0
2020-01-03 21:00:00 ,-0.0             ,       90.29847826507367  ,           0.0             ,144.373878063861   ,    122.71779635428155  ,0.0                     ,                             0.0 ,                       0.0 ,144.373878063861   ,                    90.2984782650737 ,                       0.0 ,       122.717796354282   ,-0.0
2020-01-03 22:00:00 ,-0.0             ,       68.18259990984951  ,           0.0             , 39.8529042294757  ,     33.87496859505433  ,0.0                     ,                             0.0 ,                       0.0 , 39.8529042294757  ,                    68.1825999098495 ,                       0.0 ,        33.8749685950543  ,-0.0
2020-01-03 23:00:00 ,-0.0             ,       20.8628639086461   ,           0.0             ,  8.91093077844809 ,      7.574291161680875 ,0.0                     ,                             0.0 ,                       0.0 ,  8.91093077844809 ,                    20.8628639086461 ,                       0.0 ,         7.57429116168087 ,-0.0
2020-01-04 00:00:00 ,-0.0             ,       13.19405178470989  ,           0.0             ,  7.40235463471711 ,      6.292001439509541 ,0.0                     ,                             0.0 ,                       0.0 ,  7.40235463471711 ,                    13.1940517847099 ,                       0.0 ,         6.29200143950954 ,-0.0
2020-01-04 01:00:00 ,-0.0             ,       12.212127307496578 ,           0.0             , 10.3762120710624  ,      8.819780260403022 ,0.0                     ,                             0.0 ,                       0.0 , 10.3762120710624  ,                    12.2121273074966 ,                       0.0 ,         8.81978026040302 ,-0.0
2020-01-04 02:00:00 ,-0.0             ,       12.835317206486625 ,           0.0             , 16.6719644499275  ,     14.171169782438392 ,0.0                     ,                             0.0 ,                       0.0 , 16.6719644499275  ,                    12.8353172064866 ,                       0.0 ,        14.1711697824384  ,-0.0
2020-01-04 03:00:00 ,-0.0             ,       13.375244067230645 ,          18.0574122942856 ,  0.0              ,     18.057412294285555 ,0.0                     ,                             0.0 ,                       0.0 ,  0.0              ,                    31.4326563615162 ,                       0.0 ,         0.0              ,18.0574122942856
2020-01-04 04:00:00 ,-0.0             ,       15.050363130820998 ,          21.0759050599986 ,  0.0              ,     21.075905059998632 ,0.0                     ,                             0.0 ,                       0.0 ,  0.0              ,                    36.1262681908196 ,                       0.0 ,         0.0              ,21.0759050599986
2020-01-04 05:00:00 ,-0.0             ,       24.941968321046748 ,          43.796096340504  ,  0.0              ,     43.79609634050395  ,0.0                     ,                             0.0 ,                       0.0 ,  0.0              ,                    68.7380646615507 ,                       0.0 ,         0.0              ,43.796096340504
2020-01-04 06:00:00 ,-0.0             ,       66.48110615653466  ,          60.0             , 51.1200798669307  ,    103.45206788689113  ,0.0                     ,                             0.0 ,                       0.0 , 51.1200798669307  ,                   126.481106156535  ,                       0.0 ,        43.4520678868911  ,60.0
2020-01-04 07:00:00 ,-0.0             ,       69.13205179059823  ,           0.0             ,189.222871352349   ,    160.83944064949705  ,0.0                     ,                             0.0 ,                       0.0 ,189.222871352349   ,                    69.1320517905982 ,                       0.0 ,       160.839440649497   ,-0.0
2020-01-04 08:00:00 ,-0.0             ,       73.24312067928807  ,           0.0             ,192.91421894281    ,    163.97708610138832  ,0.0                     ,                             0.0 ,                       0.0 ,192.91421894281    ,                    73.2431206792881 ,                       0.0 ,       163.977086101388   ,-0.0
2020-01-04 09:00:00 ,-0.0             ,       81.80593102994065  ,           0.0             ,189.568433578621   ,    161.1331685418276   ,0.0                     ,                             0.0 ,                       0.0 ,189.568433578621   ,                    81.8059310299407 ,                       0.0 ,       161.133168541828   ,-0.0
2020-01-04 10:00:00 ,-0.0             ,      100.70484332332339  ,           0.0             ,185.071718167976   ,    157.31096044277996  ,0.0                     ,                             0.0 ,                       0.0 ,185.071718167976   ,                   100.704843323323  ,                       0.0 ,       157.31096044278    ,-0.0
2020-01-04 11:00:00 ,-0.0             ,      135.55645249379987  ,           0.0             ,182.900700380455   ,    155.4655953233869   ,0.0                     ,                             0.0 ,                       0.0 ,182.900700380455   ,                   135.5564524938    ,                       0.0 ,       155.465595323387   ,-0.0
2020-01-04 12:00:00 ,-0.0             ,      110.96921075519049  ,           0.0             ,178.971765871255   ,    152.1260009905666   ,0.0                     ,                             0.0 ,                       0.0 ,178.971765871255   ,                   110.96921075519   ,                       0.0 ,       152.126000990567   ,-0.0
2020-01-04 13:00:00 ,-0.0             ,       86.38139753809311  ,           0.0             ,175.037317880367   ,    148.7817201983118   ,0.0                     ,                             0.0 ,                       0.0 ,175.037317880367   ,                    86.3813975380931 ,                       0.0 ,       148.781720198312   ,-0.0
2020-01-04 14:00:00 ,-0.0             ,       96.8966304455154   ,           0.0             ,170.755955578902   ,    145.14256224206665  ,0.0                     ,                             0.0 ,                       0.0 ,170.755955578902   ,                    96.8966304455154 ,                       0.0 ,       145.142562242067   ,-0.0
2020-01-04 15:00:00 ,-0.0             ,       92.56668915780787  ,           0.0             ,168.614200462165   ,    143.32207039284015  ,0.0                     ,                             0.0 ,                       0.0 ,168.614200462165   ,                    92.5666891578079 ,                       0.0 ,       143.32207039284    ,-0.0
2020-01-04 16:00:00 ,-0.0             ,       74.50240848478298  ,           0.0             ,174.468736989618   ,    148.298426441175    ,0.0                     ,                             0.0 ,                       0.0 ,174.468736989618   ,                    74.502408484783  ,                       0.0 ,       148.298426441175   ,-0.0
2020-01-04 17:00:00 ,-0.0             ,       85.82142996091189  ,           0.0             ,184.806641875237   ,    157.08564559395157  ,0.0                     ,                             0.0 ,                       0.0 ,184.806641875237   ,                    85.8214299609119 ,                       0.0 ,       157.085645593952   ,-0.0
2020-01-04 18:00:00 ,-0.0             ,       89.38196280588518  ,           0.0             ,194.622107178929   ,    165.42879110208958  ,0.0                     ,                             0.0 ,                       0.0 ,194.622107178929   ,                    89.3819628058852 ,                       0.0 ,       165.42879110209    ,-0.0
2020-01-04 19:00:00 ,-0.0             ,       91.84393193061202  ,           0.0             ,189.606890968441   ,    161.16585732317455  ,0.0                     ,                             0.0 ,                       0.0 ,189.606890968441   ,                    91.843931930612  ,                       0.0 ,       161.165857323175   ,-0.0
2020-01-04 20:00:00 ,-0.0             ,       95.11957875215359  ,           0.0             ,191.230806065182   ,    162.5461851554045   ,0.0                     ,                             0.0 ,                       0.0 ,191.230806065182   ,                    95.1195787521536 ,                       0.0 ,       162.546185155404   ,-0.0
2020-01-04 21:00:00 ,-0.0             ,       81.39667159928217  ,           0.0             ,169.3387443071     ,    143.9379326610352   ,0.0                     ,                             0.0 ,                       0.0 ,169.3387443071     ,                    81.3966715992822 ,                       0.0 ,       143.937932661035   ,-0.0
2020-01-04 22:00:00 ,-0.0             ,       61.69814861918574  ,           0.0             , 55.7175117405095  ,     47.35988497943311  ,-0.0                    ,                             0.0 ,                       0.0 , 55.7175117405095  ,                    61.6981486191857 ,                       0.0 ,        47.3598849794331  ,-0.0
2020-01-04 23:00:00 ,-0.0             ,       16.08125363420216  ,           0.0             , 34.7306941660075  ,     29.52109004110641  ,0.0                     ,                             0.0 ,                       0.0 , 34.7306941660075  ,                    16.0812536342022 ,                       0.0 ,        29.5210900411064  ,-0.0
2020-01-05 00:00:00 ,-0.0             ,       14.980556889083058 ,           0.0             , 39.5206390732709  ,     33.592543212280276 ,0.0                     ,                             0.0 ,                       0.0 , 39.5206390732709  ,                    14.9805568890831 ,                       0.0 ,        33.5925432122803  ,-0.0
2020-01-05 01:00:00 ,-0.0             ,       14.214347218213785 ,           0.0             , 50.9552075366104  ,     43.31192640611888  ,0.0                     ,                             0.0 ,                       0.0 , 50.9552075366104  ,                    14.2143472182138 ,                       0.0 ,        43.3119264061189  ,-0.0
2020-01-05 02:00:00 ,-0.0             ,       13.938681079301828 ,           0.0             , 60.3815272038034  ,     51.324298123232886 ,0.0                     ,                             0.0 ,                       0.0 , 60.3815272038034  ,                    13.9386810793018 ,                       0.0 ,        51.3242981232329  ,-0.0
2020-01-05 03:00:00 ,-0.0             ,       13.818005648148235 ,           0.0             , 66.7711324064765  ,     56.75546254550498  ,0.0                     ,                             0.0 ,                       0.0 , 66.7711324064765  ,                    13.8180056481482 ,                       0.0 ,        56.755462545505   ,-0.0
2020-01-05 04:00:00 ,-0.0             ,       16.46316901053479  ,           0.0             , 71.3455072432057  ,     60.64368115672485  ,0.0                     ,                             0.0 ,                       0.0 , 71.3455072432057  ,                    16.4631690105348 ,                       0.0 ,        60.6436811567249  ,-0.0
2020-01-05 05:00:00 ,-0.0             ,       20.4660044330662   ,           0.0             ,100.033951672733   ,     85.02885892182289  ,0.0                     ,                             0.0 ,                       0.0 ,100.033951672733   ,                    20.4660044330662 ,                       0.0 ,        85.0288589218229  ,-0.0
2020-01-05 06:00:00 ,-0.0             ,       53.488825843162545 ,           0.0             ,170.720299175706   ,    145.11225429934973  ,0.0                     ,                             0.0 ,                       0.0 ,170.720299175706   ,                    53.4888258431625 ,                       0.0 ,       145.11225429935    ,-0.0
2020-01-05 07:00:00 ,-0.0             ,       58.64597543914289  ,           0.0             ,237.222863565033   ,    201.63943403027815  ,0.0                     ,                             0.0 ,                       0.0 ,237.222863565033   ,                    58.6459754391429 ,                       0.0 ,       201.639434030278   ,-0.0
2020-01-05 08:00:00 ,-0.0             ,       57.54570769025898  ,           0.0             ,241.667618938729   ,    205.41747609791935  ,0.0                     ,                             0.0 ,                       0.0 ,241.667618938729   ,                    57.545707690259  ,                       0.0 ,       205.417476097919   ,-0.0
2020-01-05 09:00:00 ,-0.0             ,       78.12827951871347  ,           0.0             ,205.436085753113   ,    174.6206728901464   ,0.0                     ,                             0.0 ,                       0.0 ,205.436085753113   ,                    78.1282795187135 ,                       0.0 ,       174.620672890146   ,-0.0
2020-01-05 10:00:00 ,-0.0             ,      114.52438187975594  ,           0.0             ,199.761843265186   ,    169.79756677540774  ,0.0                     ,                             0.0 ,                       0.0 ,199.761843265186   ,                   114.524381879756  ,                       0.0 ,       169.797566775408   ,-0.0
2020-01-05 11:00:00 ,-0.0             ,      116.33585333837243  ,           0.0             ,207.766306167683   ,    176.60136024253046  ,0.0                     ,                             0.0 ,                       0.0 ,207.766306167683   ,                   116.335853338372  ,                       0.0 ,       176.60136024253    ,-0.0
2020-01-05 12:00:00 ,-0.0             ,      107.41063485514167  ,           0.0             ,199.15895948613    ,    169.28511556321087  ,0.0                     ,                             0.0 ,                       0.0 ,199.15895948613    ,                   107.410634855142  ,                       0.0 ,       169.285115563211   ,-0.0
2020-01-05 13:00:00 ,-0.0             ,      102.76045210883467  ,           0.0             ,189.826658423024   ,    161.3526596595701   ,0.0                     ,                             0.0 ,                       0.0 ,189.826658423024   ,                   102.760452108835  ,                       0.0 ,       161.35265965957    ,-0.0
2020-01-05 14:00:00 ,-0.0             ,       92.41181688077907  ,           0.0             ,196.668446825575   ,    167.16817980173911  ,0.0                     ,                             0.0 ,                       0.0 ,196.668446825575   ,                    92.4118168807791 ,                       0.0 ,       167.168179801739   ,-0.0
2020-01-05 15:00:00 ,-0.0             ,       99.52387037302884  ,           0.0             ,202.765415763041   ,    172.35060339858492  ,0.0                     ,                             0.0 ,                       0.0 ,202.765415763041   ,                    99.5238703730288 ,                       0.0 ,       172.350603398585   ,-0.0
2020-01-05 16:00:00 ,-0.0             ,       94.8859989471456   ,           0.0             ,214.509664172201   ,    182.33321454637118  ,0.0                     ,                             0.0 ,                       0.0 ,214.509664172201   ,                    94.8859989471456 ,                       0.0 ,       182.333214546371   ,-0.0
2020-01-05 17:00:00 ,-0.0             ,       87.19204668569243  ,           0.0             ,223.409841283525   ,    189.89836509099624  ,0.0                     ,                             0.0 ,                       0.0 ,223.409841283525   ,                    87.1920466856924 ,                       0.0 ,       189.898365090996   ,-0.0
2020-01-05 18:00:00 ,-0.0             ,       94.09112997790325  ,           0.0             ,237.651803895365   ,    202.00403331106017  ,-0.0                    ,                             0.0 ,                       0.0 ,237.651803895365   ,                    94.0911299779033 ,                       0.0 ,       202.00403331106    ,-0.0
2020-01-05 19:00:00 ,-0.0             ,       95.54916069217671  ,           0.0             ,244.845015850891   ,    208.11826347325714  ,-0.0                    ,                             0.0 ,                       0.0 ,244.845015850891   ,                    95.5491606921767 ,                       0.0 ,       208.118263473257   ,-0.0
2020-01-05 20:00:00 ,-0.0             ,       78.57144475600245  ,           0.0             ,249.134818542882   ,    211.76459576145007  ,-0.0                    ,                             0.0 ,                       0.0 ,249.134818542882   ,                    78.5714447560024 ,                       0.0 ,       211.76459576145    ,-0.0
2020-01-05 21:00:00 ,-0.0             ,       84.73812419636643  ,           0.0             ,226.061465389115   ,    192.15224558074743  ,0.0                     ,                             0.0 ,                       0.0 ,226.061465389115   ,                    84.7381241963664 ,                       0.0 ,       192.152245580747   ,-0.0
2020-01-05 22:00:00 ,-0.0             ,       63.85834234663178  ,           0.0             ,118.013368140214   ,    100.31136291918168  ,0.0                     ,                             0.0 ,                       0.0 ,118.013368140214   ,                    63.8583423466318 ,                       0.0 ,       100.311362919182   ,-0.0
2020-01-05 23:00:00 ,-0.0             ,       19.542356862031887 ,           0.0             , 82.2397547365491  ,     69.90379152606674  ,0.0                     ,                             0.0 ,                       0.0 , 82.2397547365491  ,                    19.5423568620319 ,                       0.0 ,        69.9037915260667  ,-0.0
2020-01-06 00:00:00 ,-0.0             ,       13.357685788440449 ,           0.0             , 99.1541020789988  ,     84.28098676714895  ,0.0                     ,                             0.0 ,                       0.0 , 99.1541020789988  ,                    13.3576857884404 ,                       0.0 ,        84.2809867671489  ,-0.0
2020-01-06 01:00:00 ,-0.0             ,       12.732688050715613 ,           0.0             ,112.670603889935   ,     95.77001330644448  ,0.0                     ,                             0.0 ,                       0.0 ,112.670603889935   ,                    12.7326880507156 ,                       0.0 ,        95.7700133064445  ,-0.0
2020-01-06 02:00:00 ,-0.0             ,       12.232238742494692 ,           0.0             ,119.007864745099   ,    101.15668503333437  ,0.0                     ,                             0.0 ,                       0.0 ,119.007864745099   ,                    12.2322387424947 ,                       0.0 ,       101.156685033334   ,-0.0
2020-01-06 03:00:00 ,-0.0             ,       13.150601259224596 ,           0.0             ,129.684698059064   ,    110.23199335020405  ,0.0                     ,                             0.0 ,                       0.0 ,129.684698059064   ,                    13.1506012592246 ,                       0.0 ,       110.231993350204   ,-0.0
2020-01-06 04:00:00 ,-0.0             ,       16.958384722456294 ,           0.0             ,139.673483953523   ,    118.72246136049452  ,0.0                     ,                             0.0 ,                       0.0 ,139.673483953523   ,                    16.9583847224563 ,                       0.0 ,       118.722461360495   ,-0.0
2020-01-06 05:00:00 ,-0.0             ,       19.613121845962205 ,           0.0             ,168.161576667368   ,    142.9373401672632   ,0.0                     ,                             0.0 ,                       0.0 ,168.161576667368   ,                    19.6131218459622 ,                       0.0 ,       142.937340167263   ,-0.0
2020-01-06 06:00:00 ,-0.0             ,       53.27715601595093  ,           0.0             ,244.426807846566   ,    207.76278666958098  ,0.0                     ,                             0.0 ,                       0.0 ,244.426807846566   ,                    53.2771560159509 ,                       0.0 ,       207.762786669581   ,-0.0
2020-01-06 07:00:00 ,-0.0             ,       65.71404189779976  ,           0.0             ,312.783269662098   ,    265.8657792127832   ,0.0                     ,                             0.0 ,                       0.0 ,312.783269662098   ,                    65.7140418977998 ,                       0.0 ,       265.865779212783   ,-0.0
2020-01-06 08:00:00 ,-0.0             ,       55.84881918904054  ,           0.0             ,313.185418082904   ,    266.20760537046857  ,-0.0                    ,                             0.0 ,                       0.0 ,313.185418082904   ,                    55.8488191890405 ,                       0.0 ,       266.207605370469   ,-0.0
2020-01-06 09:00:00 ,-0.0             ,       43.32505104652562  ,           0.0             ,267.325114931201   ,    227.22634769152108  ,-0.0                    ,                             0.0 ,                       0.0 ,267.325114931201   ,                    43.3250510465256 ,                       0.0 ,       227.226347691521   ,-0.0
2020-01-06 10:00:00 ,-0.0             ,       73.8877176058817   ,           0.0             ,260.70679571507    ,    221.60077635780948  ,0.0                     ,                             0.0 ,                       0.0 ,260.70679571507    ,                    73.8877176058817 ,                       0.0 ,       221.600776357809   ,-0.0
2020-01-06 11:00:00 ,-0.0             ,       78.16399448749519  ,           0.0             ,236.768220394038   ,    201.25298733493202  ,0.0                     ,                             0.0 ,                       0.0 ,236.768220394038   ,                    78.1639944874952 ,                       0.0 ,       201.252987334932   ,-0.0
2020-01-06 12:00:00 ,-0.0             ,       81.17614263537861  ,           0.0             ,213.222778139766   ,    181.2393614188007   ,0.0                     ,                             0.0 ,                       0.0 ,213.222778139766   ,                    81.1761426353786 ,                       0.0 ,       181.239361418801   ,-0.0
2020-01-06 13:00:00 ,-0.0             ,       74.04557107834248  ,           0.0             ,207.744826856362   ,    176.583102827908    ,0.0                     ,                             0.0 ,                       0.0 ,207.744826856362   ,                    74.0455710783425 ,                       0.0 ,       176.583102827908   ,-0.0
2020-01-06 14:00:00 ,-0.0             ,       77.91998190809721  ,           0.0             ,201.434071760933   ,    171.21896099679304  ,0.0                     ,                             0.0 ,                       0.0 ,201.434071760933   ,                    77.9199819080972 ,                       0.0 ,       171.218960996793   ,-0.0
2020-01-06 15:00:00 ,-0.0             ,       84.38143472475561  ,           0.0             ,213.473482701092   ,    181.4524602959282   ,0.0                     ,                             0.0 ,                       0.0 ,213.473482701092   ,                    84.3814347247556 ,                       0.0 ,       181.452460295928   ,-0.0
2020-01-06 16:00:00 ,-0.0             ,       91.80234210247508  ,           0.0             ,243.692750405412   ,    207.13883784459998  ,0.0                     ,                             0.0 ,                       0.0 ,243.692750405412   ,                    91.8023421024751 ,                       0.0 ,       207.1388378446     ,-0.0
2020-01-06 17:00:00 ,-0.0             ,       98.43840488829554  ,           0.0             ,252.526678579307   ,    214.64767679241126  ,0.0                     ,                             0.0 ,                       0.0 ,252.526678579307   ,                    98.4384048882955 ,                       0.0 ,       214.647676792411   ,-0.0
2020-01-06 18:00:00 ,-0.0             ,      106.52266855261601  ,           0.0             ,263.061378594518   ,    223.60217180534062  ,-0.0                    ,                             0.0 ,                       0.0 ,263.061378594518   ,                   106.522668552616  ,                       0.0 ,       223.602171805341   ,-0.0
2020-01-06 19:00:00 ,-0.0             ,      104.81893794415355  ,           0.0             ,261.22318613102    ,    222.03970821136684  ,-0.0                    ,                             0.0 ,                       0.0 ,261.22318613102    ,                   104.818937944154  ,                       0.0 ,       222.039708211367   ,-0.0
2020-01-06 20:00:00 ,-0.0             ,       83.0248093747062   ,           0.0             ,258.209302254314   ,    219.47790691616717  ,0.0                     ,                             0.0 ,                       0.0 ,258.209302254314   ,                    83.0248093747062 ,                       0.0 ,       219.477906916167   ,-0.0
2020-01-06 21:00:00 ,-0.0             ,       75.14554964887483  ,           0.0             ,226.321602979157   ,    192.37336253228352  ,0.0                     ,                             0.0 ,                       0.0 ,226.321602979157   ,                    75.1455496488748 ,                       0.0 ,       192.373362532284   ,-0.0
2020-01-06 22:00:00 ,-0.0             ,       62.0111265183499   ,           0.0             ,101.326051684357   ,     86.12714393170344  ,0.0                     ,                             0.0 ,                       0.0 ,101.326051684357   ,                    62.0111265183499 ,                       0.0 ,        86.1271439317034  ,-0.0
2020-01-06 23:00:00 ,-0.0             ,       19.686244137346897 ,           0.0             , 66.6488162165732  ,     56.65149378408719  ,0.0                     ,                             0.0 ,                       0.0 , 66.6488162165732  ,                    19.6862441373469 ,                       0.0 ,        56.6514937840872  ,-0.0
2020-01-07 00:00:00 ,-0.0             ,       14.070930563355462 ,           0.0             , 69.9052102184332  ,     59.419428685668215 ,0.0                     ,                             0.0 ,                       0.0 , 69.9052102184332  ,                    14.0709305633555 ,                       0.0 ,        59.4194286856682  ,-0.0
2020-01-07 01:00:00 ,-0.0             ,       13.212077350439397 ,           0.0             , 75.4391680050287  ,     64.12329280427437  ,0.0                     ,                             0.0 ,                       0.0 , 75.4391680050287  ,                    13.2120773504394 ,                       0.0 ,        64.1232928042744  ,-0.0
2020-01-07 02:00:00 ,-0.0             ,       13.870870554561263 ,           0.0             , 80.1982596389191  ,     68.16852069308125  ,0.0                     ,                             0.0 ,                       0.0 , 80.1982596389191  ,                    13.8708705545613 ,                       0.0 ,        68.1685206930812  ,-0.0
2020-01-07 03:00:00 ,-0.0             ,       13.703950235013522 ,           0.0             , 82.8945425792632  ,     70.46036119237368  ,0.0                     ,                             0.0 ,                       0.0 , 82.8945425792632  ,                    13.7039502350135 ,                       0.0 ,        70.4603611923737  ,-0.0
2020-01-07 04:00:00 ,-0.0             ,       17.713612866377012 ,           0.0             , 84.966374377429   ,     72.22141822081461  ,0.0                     ,                             0.0 ,                       0.0 , 84.966374377429   ,                    17.713612866377  ,                       0.0 ,        72.2214182208146  ,-0.0
2020-01-07 05:00:00 ,-0.0             ,       18.00832131416796  ,           0.0             ,113.411638849949   ,     96.3998930224566   ,0.0                     ,                             0.0 ,                       0.0 ,113.411638849949   ,                    18.008321314168  ,                       0.0 ,        96.3998930224566  ,-0.0
2020-01-07 06:00:00 ,-0.0             ,       59.43330409261024  ,           0.0             ,185.245838753707   ,    157.45896294065116  ,0.0                     ,                             0.0 ,                       0.0 ,185.245838753707   ,                    59.4333040926102 ,                       0.0 ,       157.458962940651   ,-0.0
2020-01-07 07:00:00 ,-0.0             ,       64.15974537965023  ,           0.0             ,249.978677121083   ,    212.4818755529207   ,0.0                     ,                             0.0 ,                       0.0 ,249.978677121083   ,                    64.1597453796502 ,                       0.0 ,       212.481875552921   ,-0.0
2020-01-07 08:00:00 ,-0.0             ,       77.666892197781    ,           0.0             ,255.40316732145    ,    217.09269222323266  ,-0.0                    ,                             0.0 ,                       0.0 ,255.40316732145    ,                    77.666892197781  ,                       0.0 ,       217.092692223233   ,-0.0
2020-01-07 09:00:00 ,-0.0             ,       84.14238510687156  ,           0.0             ,249.389222449094   ,    211.98083908172998  ,-0.0                    ,                             0.0 ,                       0.0 ,249.389222449094   ,                    84.1423851068716 ,                       0.0 ,       211.98083908173    ,-0.0
2020-01-07 10:00:00 ,-0.0             ,      109.44702214501962  ,           0.0             ,254.857545488521   ,    216.62891366524275  ,-0.0                    ,                             0.0 ,                       0.0 ,254.857545488521   ,                   109.44702214502   ,                       0.0 ,       216.628913665243   ,-0.0
2020-01-07 11:00:00 ,-0.0             ,      129.07307656810192  ,           0.0             ,259.376180685336   ,    220.4697535825358   ,-0.0                    ,                             0.0 ,                       0.0 ,259.376180685336   ,                   129.073076568102  ,                       0.0 ,       220.469753582536   ,-0.0
2020-01-07 12:00:00 ,-0.0             ,      111.70437844939553  ,           0.0             ,251.783963610858   ,    214.0163690692293   ,-0.0                    ,                             0.0 ,                       0.0 ,251.783963610858   ,                   111.704378449396  ,                       0.0 ,       214.016369069229   ,-0.0
2020-01-07 13:00:00 ,-0.0             ,       91.40125282883943  ,           0.0             ,245.149674717856   ,    208.37722351017743  ,-0.0                    ,                             0.0 ,                       0.0 ,245.149674717856   ,                    91.4012528288394 ,                       0.0 ,       208.377223510177   ,-0.0
2020-01-07 14:00:00 ,-0.0             ,       93.18543476238666  ,           0.0             ,241.684832380739   ,    205.43210752362828  ,-0.0                    ,                             0.0 ,                       0.0 ,241.684832380739   ,                    93.1854347623867 ,                       0.0 ,       205.432107523628   ,-0.0
2020-01-07 15:00:00 ,-0.0             ,       94.65743287628084  ,           0.0             ,239.614211922889   ,    203.6720801344554   ,0.0                     ,                             0.0 ,                       0.0 ,239.614211922889   ,                    94.6574328762808 ,                       0.0 ,       203.672080134455   ,-0.0
2020-01-07 16:00:00 ,-0.0             ,       76.17328268068091  ,           0.0             ,234.462302009961   ,    199.2929567084667   ,0.0                     ,                             0.0 ,                       0.0 ,234.462302009961   ,                    76.1732826806809 ,                       0.0 ,       199.292956708467   ,-0.0
2020-01-07 17:00:00 ,-0.0             ,       75.57942108077681  ,           0.0             ,228.261332318788   ,    194.0221324709694   ,-0.0                    ,                             0.0 ,                       0.0 ,228.261332318788   ,                    75.5794210807768 ,                       0.0 ,       194.022132470969   ,-0.0
2020-01-07 18:00:00 ,-0.0             ,       83.55013303795224  ,           0.0             ,231.69411225983    ,    196.93999542085552  ,-0.0                    ,                             0.0 ,                       0.0 ,231.69411225983    ,                    83.5501330379522 ,                       0.0 ,       196.939995420856   ,-0.0
2020-01-07 19:00:00 ,-0.0             ,       99.91062728459883  ,           0.0             ,227.8199243682     ,    193.64693571296996  ,-0.0                    ,                             0.0 ,                       0.0 ,227.8199243682     ,                    99.9106272845988 ,                       0.0 ,       193.64693571297    ,-0.0
2020-01-07 20:00:00 ,-0.0             ,       86.53756627230968  ,           0.0             ,224.773007034717   ,    191.05705597950936  ,-0.0                    ,                             0.0 ,                       0.0 ,224.773007034717   ,                    86.5375662723097 ,                       0.0 ,       191.057055979509   ,-0.0
2020-01-07 21:00:00 ,-0.0             ,       67.62824241934405  ,           0.0             ,194.598689169306   ,    165.40888579391037  ,-0.0                    ,                             0.0 ,                       0.0 ,194.598689169306   ,                    67.628242419344  ,                       0.0 ,       165.40888579391    ,-0.0
2020-01-07 22:00:00 ,-0.0             ,       60.30036312981912  ,           0.0             , 74.9820883511156  ,     63.73477509844827  ,-0.0                    ,                             0.0 ,                       0.0 , 74.9820883511156  ,                    60.3003631298191 ,                       0.0 ,        63.7347750984483  ,-0.0
2020-01-07 23:00:00 ,-0.0             ,       18.618279590144695 ,           0.0             , 43.6841967373547  ,     37.13156722675152  ,-0.0                    ,                             0.0 ,                       0.0 , 43.6841967373547  ,                    18.6182795901447 ,                       0.0 ,        37.1315672267515  ,-0.0
2020-01-08 00:00:00 ,                 ,                          ,                           ,                   ,                        ,                        ,                                 ,                           ,                   ,                                     ,                           ,                          ,
